dataset,n,cols,k,clusters,mpi_procs,t_load,t_degree,t_laplacian,t_eigen,t_kmeans,t_total,quality
data/ans_batch/test2_ddg.txt,43,-1,3,3,1,0.000567,0.000014,0.000008,0.000172,0.000041,0.000804,-1
data/ans_batch/test2_ddg.txt,43,-1,3,3,2,0.001035,0.000034,0.000124,0.000176,0.005002,0.007083,-1
data/ans_batch/test2_ddg.txt,43,-1,3,3,4,0.000589,0.000091,0.000154,0.000210,0.004972,0.006678,-1
data/ans_batch/test2_ddg.txt,43,-1,3,3,8,0.000765,0.000123,0.000221,0.000199,0.004889,0.006404,-1
data/ans_batch/test2_ddg.txt,43,-1,3,3,16,0.000846,0.000093,0.000345,0.000200,0.005793,0.007594,-1
